source,target,regex,code
/about-us-maines-german-shepherds-2-2/,/about/,0,301
/about-new/,/about/,0,301
/contac-us-german-shepherd-puppies/,/contact/,0,301
/contact-new/,/contact/,0,301
/our-shepherds-new/,/our-shepherds/,0,301
/males/,/rangeley/,0,301
/rangeley-new/,/rangeley/,0,301
/females/,/freda/,0,301
/freda-new/,/freda/,0,301
/workinglinegermanshepherdpuppies/,/puppies/,0,301
/puppies-new/,/puppies/,0,301
/tgermanshepherdlitterspuppies/,/litters/,0,301
/litters-new/,/litters/,0,301
/reserve-a-puppy-new/,/reserve-a-puppy/,0,301
/puppy-culture-new/,/puppy-culture/,0,301
/gallery-new/,/gallery/,0,301
/news-new/,/news/,0,301
/sales-contract-new/,/sales-contract/,0,301
/home-page-2/,/,0,301
/homepage-elementor-test/,/,0,301
/homepage-redesign-draft/,/,0,301
/global-styles/,/,0,301
